{
  "accuracy": 0.5525,
  "roc_auc": 0.5576,
  "n_samples": 100000,
  "n_placed": 54459,
  "cluster_counts": {
    "Placement Ready": 38593,
    "Unprepared": 30985,
    "Silent/At-Risk": 30422
  },
  "risk_count": 22713,
  "classification_report": {
    "0": {
      "precision": 0.5148050974512743,
      "recall": 0.3016029863855951,
      "f1-score": 0.3803655497092218,
      "support": 9108.0
    },
    "1": {
      "precision": 0.5662165848336062,
      "recall": 0.7623026074182887,
      "f1-score": 0.6497886993269683,
      "support": 10892.0
    },
    "accuracy": 0.5525,
    "macro avg": {
      "precision": 0.5405108411424402,
      "recall": 0.5319527969019419,
      "f1-score": 0.5150771245180951,
      "support": 20000.0
    },
    "weighted avg": {
      "precision": 0.5428037934796923,
      "recall": 0.5525,
      "f1-score": 0.5270933969910466,
      "support": 20000.0
    }
  },
  "cluster_label_map": {
    "0": "Unprepared",
    "1": "Placement Ready",
    "2": "Silent/At-Risk"
  },
  "cluster_feats": [
    "cgpa",
    "attendance_percentage",
    "coding_skill_score",
    "communication_skill_score",
    "technical_skill_score",
    "engagement_score"
  ]
}